<?xml version="1.0" encoding="UTF-8" ?>
<!DOCTYPE mapper
  PUBLIC "-//mybatis.org//DTD Mapper 3.0//EN"
  "http://mybatis.org/dtd/mybatis-3-mapper.dtd">
<mapper namespace="org.movieprj.mapper.BoardMapper">
	<select id="getList" resultType="org.movieprj.domain.BoardVO">
		select * from db_freepost where post_id <![CDATA[>]]>
		0
		order by post_id desc
	</select>
<!-- 	<insert id="insert">
		insert into tbl_board(bno,title,content,writer)
		values(seq_board.nextval,#{title},#{content},#{writer})
	</insert>
	<insert id="insertSelectKey">
		<selectKey keyProperty="bno" order="BEFORE"
			resultType="long">
			select seq_board.nextval from dual
		</selectKey>
		insert into tbl_board(bno,title,content,writer)
		values(#{bno},#{title},#{content},#{writer})
	</insert>
	<select id="read" resultType="org.movieprj.domain.BoardVO">
		select * from tbl_board where bno =
		#{bno}
	</select>
	<delete id="delete">
		delete from tbl_board where bno = #{bno}
	</delete>
	<update id="update">
		update tbl_board
		set title = #{title},
		content =
		#{content},
		writer = #{writer},
		updateDate = sysdate
		where bno = #{bno}
	</update> -->

	<sql id="criteria">
		<trim prefix="(" suffix=") and " prefixOverrides="OR">
			<foreach item="type" collection="typeArr">
				<trim prefix="OR">
					<choose>
						<when test="type == 'T'.toString()">
							post_tit like '%'||#{keyword}||'%'
						</when>
						<when test="type == 'C'.toString()">
							post_cont like '%'||#{keyword}||'%'
						</when>
						<when test="type == 'W'.toString()">
							mem_nick like '%'||#{keyword}||'%'
						</when>
					</choose>
				</trim>
			</foreach>
		</trim>
	</sql>



	<select id="getListWithPaging"
		resultType="org.movieprj.domain.BoardVO">
  <![CDATA[
    select post_id, post_tit, post_cont, mem_nick, post_date
	from (
			select 
			/*+index_desc(db_freepost,pk_board)*/
			rownum rn, post_id, post_tit, post_cont, mem_nick, post_date
			from db_freepost
			where 
	 ]]>
		
	<include refid="criteria"/>
			 
   <![CDATA[		 
			rownum <=  #{pageNum} * #{amount}
		  )
	where rn > (#{pageNum}-1)*#{amount}
 	]]>


	</select>

	<select id="getTotalCount" resultType="int">
		select count(*) from  db_freepost 
		where 
		<include refid="criteria"/>
		post_id > 0
	</select>

</mapper>